Minecraft IGN,Discord Name,Island,Nation,PVP,Cohort/Party
,diepinkx,Temperate Island,Vesi,?,?
,half_orphan,Temperate Island,Vesi,?,?
Iriskii,iriskiiz,Cold Island,Vesi,?,?
FrankyXXV,frankyxxv,Cold Island,Vesi,?,?
dustyfan_,dustyfan__,Cold Island,Vesi,?,?
DrEvilSin,drevilsin,Cold Island,Vesi,?,?
sunnysunboi_,_sunnysun,Cold Island,Vesi,?,?
,major_winters,Cold Island,Vesi,?,?
OreoMeluvSOMUCH8,0reo_hastw1nkles,Cold Island,Vesi,?,?
Acitern,acitern,Cold Island,Vesi,?,?
DonaldDuck90,donaldduck4166,Cold Island,Vesi,?,?
,cooleostarstash,Cold Island,Vesi,?,?
,rawrytam,Cold Island,Vesi,?,?
xoLumi,xoillumina,Cold Island,Vesi,?,?
Cryin_Rose,cryin_rose,Cold Island,Vesi,?,?
SickedW,sickedwick,Temperate Island,Valengrad,?,?
McBarthy,mcbarthy,Temperate Island,Valengrad,?,?
Mirkoooo19,mirk0oo,Temperate Island,Valengrad,?,?
Brandeum,brandeum,Temperate Island,Valengrad,?,?
Xyloxed,xyloxed,Temperate Island,Valengrad,?,?
CrypticNotKnown,cryptic435,Temperate Island,Valengrad,?,?
Goldenduck4,goldenduck4,Temperate Island,Valengrad,?,?
Greiserich,greiserich,Temperate Island,Valengrad,?,?
jorphil,jorphil,Temperate Island,Valengrad,?,?
Macho_The_Pug,macho_the_pug,Temperate Island,Valengrad,?,?
VonStudios,vonstudios2021,Temperate Island,Valengrad,?,?
,zaldris3352,Temperate Island,Valengrad,?,?
,.darjeeling,Temperate Island,Valengrad,?,?
_TinyG,tinyg__,Temperate Island,Valengrad,?,?
,what_the_nani,Temperate Island,Valengrad,?,?
marchjam,marchjam,Cold Island,Valengrad,?,?
,starman1257,Cold Island,Valengrad,?,?
Fr0tsey,frotsey,Temperate Island,USDR,0.9,?
PanchoOP,panchoii,Cold Island,USDR,1.1,?
NanI_Tiggy,nanitiggy,Temperate Island,USDR,?,?
,c0mradeelm0,Temperate Island,USDR,?,?
,cats4086,Temperate Island,USDR,?,?
,nicoyum,Temperate Island,USDR,?,?
xSnowyDewx,snowyy0_.,Cold Island,USDR,?,?
toxumi,toxumi,Cold Island,USDR,?,?
cawffeine,ccranekiss,Cold Island,USDR,?,?
,benimou,Cold Island,USDR,?,?
,samantfr,Cold Island,USDR,?,?
,vinovia,Cold Island,USDR,?,?
clearrcat,clearrcat,Cold Island,USDR,?,?
Donutxlla,donutella,Cold Island,USDR,?,?
Emiza_,emiza,Cold Island,USDR,?,?
,fairyji,Cold Island,USDR,?,?
,ikea5507,Cold Island,USDR,?,?
MmmMonkee,mmmmonkee,Cold Island,USDR,?,?
,myhf,Cold Island,USDR,?,?
,skalz__,Cold Island,USDR,?,?
,thesexycanadian,Cold Island,USDR,?,?
,tsooki,Cold Island,USDR,?,?
,vanax,Cold Island,USDR,?,?
,wibeaux,Cold Island,USDR,?,?
,elkool,Cold Island,USDR,?,?
Tonijnfile,tonijnfile,Cold Island,USDR,?,?
TunRIPS,tunrips,Temperate Island,Moles,0.5,?
Boxicus,cardboardcrate,Temperate Island,Moles,0.5,?
Verakk,verakk,Temperate Island,Moles,0.6,?
tuginha,tuginha,Temperate Island,Moles,0.6,?
parrm,parrm.,Temperate Island,Moles,?,?
Monichrome,itsmonichrome,Temperate Island,Moles,?,?
GoobieGloob,thunkerbinker,Temperate Island,Moles,?,?
_Revok_,juannn_7632,Temperate Island,Moles,?,?
,orapaya,Temperate Island,Moles,?,?
Grauhaimaz,grauhaimaz,Cold Island,Lucentine,0.1,?
dowdens,dowdens,Cold Island,Lucentine,0.5,?
Tso_Sun,tso_sun,Cold Island,Lucentine,?,?
 roseiabee,roseiabee,Cold Island,Lucentine,?,?
_Notaro,notaro,Cold Island,Lucentine,0.5,Brunelleschi
Azulite_,_azulite_,Cold Island,Lucentine,0.6,Brunelleschi
Bingus_Bibi,bingus_bibi,Cold Island,Lucentine,0.8,Brunelleschi
wingchime,wingchime,Cold Island,Lucentine,?,Brunelleschi
Tarynite,tarynite,Cold Island,Lucentine,?,Brunelleschi
snowache,fat.catz,Cold Island,Lucentine,?,Brunelleschi
RayneKyrian,raynekyrian,Cold Island,Lucentine,?,Brunelleschi
qyeugi,qyeugi,Cold Island,Lucentine,?,Brunelleschi
novasters,novasters,Cold Island,Lucentine,?,Brunelleschi
newpilot_,nuepilot,Cold Island,Lucentine,?,Brunelleschi
MatchuCentric,matchucentric,Cold Island,Lucentine,?,Brunelleschi
Juvenescent,juvenility,Cold Island,Lucentine,?,Brunelleschi
isaacboy5o5,isaacboy505,Cold Island,Lucentine,?,Brunelleschi
GuynamedJulio,guynamedjuly,Cold Island,Lucentine,?,Brunelleschi
Eridites,eridites,Cold Island,Lucentine,?,Brunelleschi
cosmicarchivist,c0sm1cpsycho,Cold Island,Lucentine,?,Brunelleschi
Aqua_armada,_.aqua._,Cold Island,Lucentine,?,Brunelleschi
aphretiis,aphretiis,Cold Island,Lucentine,?,Brunelleschi
aoxol,aoxol,Cold Island,Lucentine,?,Brunelleschi
SwordMasterCat,swordmastercat,Temperate Island,Lucentine,1.9,Descartes
WINGERDIA_,_yoink_,Temperate Island,Lucentine,?,Descartes
TheNickels,the_true_cheese,Temperate Island,Lucentine,?,Descartes
Sir_Boogo_III,the_quar_man,Temperate Island,Lucentine,?,Descartes
Scarhebs,scarhebs,Temperate Island,Lucentine,?,Descartes
Bebol_,benatryl,Temperate Island,Lucentine,?,Descartes
Sidlox6YT,sidlox6,Cold Island,Lucentine,0.3,Karavaggio
leaffix,leaffix,Cold Island,Lucentine,0.5,Karavaggio
xplode_,xplode56,Cold Island,Lucentine,0.6,Karavaggio
PhilipKar,filipposkar,Cold Island,Lucentine,0.7,Karavaggio
PGNP,pgnp_1,Cold Island,Lucentine,0.7,Karavaggio
ogglide,oggyglide,Cold Island,Lucentine,0.8,Karavaggio
NarrowFlare,narrow1249,Cold Island,Lucentine,0.8,Karavaggio
Mikrowave_17,mikrowave_17,Cold Island,Lucentine,0.8,Karavaggio
RClikestoExist,rclikestoexist,Cold Island,Lucentine,0.9,Karavaggio
reeselmao,okreese,Cold Island,Lucentine,1,Karavaggio
Greenboii,greenboiiii,Cold Island,Lucentine,1.8,Karavaggio
Sky_w1ng,sky_wing,Cold Island,Lucentine,?,Karavaggio
Ryvias,ryviass,Cold Island,Lucentine,?,Karavaggio
LeLucky,lelucky,Cold Island,Lucentine,?,Karavaggio
korbiez,korb.ii,Cold Island,Lucentine,?,Karavaggio
StaFu_,itsstafu,Cold Island,Lucentine,0.3,Machiavelli
Refrigerated,wiigogetter,Cold Island,Lucentine,0.6,Machiavelli
Dtowncat,dtowncat,Cold Island,Lucentine,0.6,Machiavelli
nsla,nsla,Cold Island,Lucentine,1.1,Machiavelli
Hvyrotation,hvyro,Cold Island,Lucentine,1.2,Machiavelli
venusish,venusish,Cold Island,Lucentine,?,Machiavelli
Thomas5200,thomas5200,Cold Island,Lucentine,?,Machiavelli
Syrinxic,syrinxic,Cold Island,Lucentine,?,Machiavelli
Sunstonez_,nullified.legacy,Cold Island,Lucentine,?,Machiavelli
seeraniity,seeraniity,Cold Island,Lucentine,?,Machiavelli
LuiiRoses,s4nday,Cold Island,Lucentine,?,Machiavelli
livelaughlice,livelaughlice,Cold Island,Lucentine,?,Machiavelli
JustMeg_,justmeg1234,Cold Island,Lucentine,?,Machiavelli
ItsSirMoonMoon,sirmoonmoon,Cold Island,Lucentine,?,Machiavelli
Fluixon,fluixon,Cold Island,Lucentine,?,Machiavelli
Elite_MM,elite_mm,Cold Island,Lucentine,?,Machiavelli
artefies,artefies,Cold Island,Lucentine,?,Machiavelli
An1oo,itzanloo,Cold Island,Lucentine,?,Machiavelli
aagneyi,aagneyi,Cold Island,Lucentine,?,Machiavelli
ymis,ymi.,Cold Island,Lucentine,0.6,Michelangelo
missingNumeral,missingnumeral,Cold Island,Lucentine,0.8,Michelangelo
Eesdesesesrd,eesdesesesrdt,Cold Island,Lucentine,0.8,Michelangelo
cobrawI,cobrawl.,Cold Island,Lucentine,0.8,Michelangelo
molyhydra,holyhydra2.0,Cold Island,Lucentine,1.2,Michelangelo
zenoslots,zenoslots,Cold Island,Lucentine,?,Michelangelo
SwiftIsSlow,swiftisslow,Cold Island,Lucentine,?,Michelangelo
Radio_Genie,radiogenie,Cold Island,Lucentine,?,Michelangelo
Oyasumi_,thesilliestfella,Cold Island,Lucentine,?,Michelangelo
Lellyoa,_lelly,Cold Island,Lucentine,?,Michelangelo
LeCheesey,lecheesey,Cold Island,Lucentine,?,Michelangelo
khelixe,khelixe,Cold Island,Lucentine,?,Michelangelo
Jazz404,._jazz_.,Cold Island,Lucentine,?,Michelangelo
hallowrendering,hallowrendering,Cold Island,Lucentine,?,Michelangelo
Grumnola,grumnola,Cold Island,Lucentine,?,Michelangelo
glixexe,glixexe,Cold Island,Lucentine,?,Michelangelo
Bowman3058,murdravox,Cold Island,Lucentine,?,Michelangelo
Berwa123,clanksiee,Cold Island,Lucentine,?,Michelangelo
Aestella,aestellla,Cold Island,Lucentine,?,Michelangelo
MilliGraeme,grameme,Cold Island,Lucentine,0.6,Pacioli
K4lit,k4lit,Cold Island,Lucentine,0.9,Pacioli
DGSGmes,livingd3adman,Cold Island,Lucentine,0.9,Pacioli
Recklesstreecko,recklesstreecko,Cold Island,Lucentine,?,Pacioli
Mainthreadd,mainthread,Cold Island,Lucentine,?,Pacioli
luckystreak,luckystreaks,Cold Island,Lucentine,?,Pacioli
kikikois,kikikois,Cold Island,Lucentine,?,Pacioli
DoopliGhost_,dooplighost98,Cold Island,Lucentine,?,Pacioli
chespin6907,chespin6907,Cold Island,Lucentine,?,Pacioli
Ashu_Sama,ashudemetal,Cold Island,Lucentine,?,Pacioli
30ballpythons,zweao,Cold Island,Lucentine,?,Pacioli
Wylltea,wylltea,Cold Island,Lucentine,0.5,Palladio 
lightrocket2,lightrocket2,Cold Island,Lucentine,0.6,Palladio 
Daltom,daltom13,Cold Island,Lucentine,0.7,Palladio 
XXKXNG,xxking,Cold Island,Lucentine,?,Palladio 
TheBigNo,thesmallyes,Cold Island,Lucentine,?,Palladio 
Suyouu,suyou,Cold Island,Lucentine,?,Palladio 
Spiika,tateyamaayano,Cold Island,Lucentine,?,Palladio 
Raz_007,raz07,Cold Island,Lucentine,?,Palladio 
Oskaroooo,oskaroo,Cold Island,Lucentine,?,Palladio 
Lenela,lenela,Cold Island,Lucentine,?,Palladio 
Larp13c,bagel432,Cold Island,Lucentine,?,Palladio 
itsoKaia,itsokaia,Cold Island,Lucentine,?,Palladio 
HoodieHorizon,hoodiehorizon,Cold Island,Lucentine,?,Palladio 
EmeraldCreeper9,emeraldcreeper,Cold Island,Lucentine,?,Palladio 
calicokey,calicokey,Cold Island,Lucentine,?,Palladio 
breakfast_food,therunnerman,Cold Island,Lucentine,?,Palladio 
Bizzy_Brit,bizzy_brit,Cold Island,Lucentine,?,Palladio 
_Estaria,_estaria,Cold Island,Lucentine,?,Palladio 
Penguinlord7,lordofthepenguins_77821,Cold Island,Lucentine,0.2,Petrarch
KagL,okaykagl,Cold Island,Lucentine,1,Petrarch
TheRandomizedOne,therandomizedone,Cold Island,Lucentine,?,Petrarch
supernovapolaris,supernova_polaris,Cold Island,Lucentine,?,Petrarch
sojusela,sojusela,Cold Island,Lucentine,?,Petrarch
smellugater,smellugater,Cold Island,Lucentine,?,Petrarch
Rozerade_,rozerade,Cold Island,Lucentine,?,Petrarch
Room39,.room39,Cold Island,Lucentine,?,Petrarch
quinnimator,quinnimator,Cold Island,Lucentine,?,Petrarch
mira4petey,mira4petey,Cold Island,Lucentine,?,Petrarch
meowbloom,mmoobloom,Cold Island,Lucentine,?,Petrarch
McClapps,mcclaps,Cold Island,Lucentine,?,Petrarch
LunaaCatt,lunaacatt,Cold Island,Lucentine,?,Petrarch
katsaysbark,katsaysbark,Cold Island,Lucentine,?,Petrarch
HapyHappiness,hapythequeenofraccoons,Cold Island,Lucentine,?,Petrarch
floofywhy,floofyafter11pm,Cold Island,Lucentine,?,Petrarch
diorcries,diorcries,Cold Island,Lucentine,?,Petrarch
_raenaven,raenaven,Cold Island,Lucentine,?,Petrarch
JojoDaYoyo,jojodayoyo,Cold Island,Lucentine,0.7,Raphael 
Hunter0981,hunter0981,Cold Island,Lucentine,0.9,Raphael 
wahtami,wahtami,Cold Island,Lucentine,1.2,Raphael 
Tad__,tghadz,Cold Island,Lucentine,?,Raphael 
SunLighttheonly,veitartheonly,Cold Island,Lucentine,?,Raphael 
SteeledGnat7438,steeledgnat7438,Cold Island,Lucentine,?,Raphael 
StableGenius123,thestablegenius123,Cold Island,Lucentine,?,Raphael 
Rionlyn,rionlyn,Cold Island,Lucentine,?,Raphael 
rebirthd,rebirthd,Cold Island,Lucentine,?,Raphael 
Papayaaron,papayaaron,Cold Island,Lucentine,?,Raphael 
MaskedAlk,hb.alk,Cold Island,Lucentine,?,Raphael 
Liquidds,liquiddsmc,Cold Island,Lucentine,?,Raphael 
GamingDucky,ducky6225,Cold Island,Lucentine,?,Raphael 
eulogia_,eulogialei,Cold Island,Lucentine,?,Raphael 
clemoire,minyamoo,Cold Island,Lucentine,?,Raphael 
mozlies,mozlies,Cold Island,Lucentine,0.8,Tartaglia
Ablatious,everlastingtable,Cold Island,Lucentine,1,Tartaglia
A_Quip,a_quip,Cold Island,Lucentine,1.1,Tartaglia
ArcticJames,arcticjames,Cold Island,Lucentine,1.3,Tartaglia
Vyiru,vyiru,Cold Island,Lucentine,?,Tartaglia
Solipsistinen,solipsistinen,Cold Island,Lucentine,?,Tartaglia
SaladSharke,saladsharke,Cold Island,Lucentine,?,Tartaglia
PovoProduces,povoproductions_50199,Cold Island,Lucentine,?,Tartaglia
Okami_HD,okami_hd,Cold Island,Lucentine,?,Tartaglia
LUKAS44280,taped_secrets,Cold Island,Lucentine,?,Tartaglia
JuicerZett2,juicerzett2,Cold Island,Lucentine,?,Tartaglia
Itz_Cassie,ltz_cassie,Cold Island,Lucentine,?,Tartaglia
Helmi_C,helmi2619,Cold Island,Lucentine,?,Tartaglia
ezoixap,ezoxap,Cold Island,Lucentine,?,Tartaglia
dead_ray,dead_ray_,Cold Island,Lucentine,?,Tartaglia
C0ZZY_,cozzy__,Cold Island,Lucentine,?,Tartaglia
AriusWight,ariusmaxx,Cold Island,Lucentine,?,Tartaglia
xIItsRex,xitsrex,Cold Island,Lucentine,0.6,Vecellio 
t5rvs,t5rvs,Cold Island,Lucentine,0.8,Vecellio 
Rxyale,ericm4,Cold Island,Lucentine,0.9,Vecellio 
_amuri,unknown.6734,Cold Island,Lucentine,0.9,Vecellio 
DerRentner_,tinox17,Cold Island,Lucentine,1,Vecellio 
gotoga,gotoga,Cold Island,Lucentine,1.1,Vecellio 
SonnyD__,sonnybunny_,Cold Island,Lucentine,1.2,Vecellio 
NotHydra_,n0thydra_,Cold Island,Lucentine,1.2,Vecellio 
TripleLion,triplelion7,Cold Island,Lucentine,2,Vecellio 
yumesakura97,yumesakura3_43460,Cold Island,Lucentine,?,Vecellio 
Toki268,tictac7878,Cold Island,Lucentine,?,Vecellio 
StickyCryptid,cryptidsticky,Cold Island,Lucentine,?,Vecellio 
slackonit,slackonit,Cold Island,Lucentine,?,Vecellio 
LawnMobius,lawnmobius,Cold Island,Lucentine,?,Vecellio 
Kav1ar_,kaviar_,Cold Island,Lucentine,?,Vecellio 
Jogg,jogg.,Cold Island,Lucentine,?,Vecellio 
hyaxinthia,hyaxinthia,Cold Island,Lucentine,?,Vecellio 
Ellebobell,izzzyyyyyy,Cold Island,Lucentine,?,Vecellio 
August_Honey,augusthoney,Cold Island,Lucentine,?,Vecellio 
CowboyCapo,cowboycapo,Temperate Island,Lordeaux,0.1,?
Byzantonia,byzantonia,Temperate Island,Lordeaux,0.2,?
NierEscher,bakenekmoon,Temperate Island,Lordeaux,0.3,?
neonsplinters,neonsplinters,Temperate Island,Lordeaux,0.3,?
ImRubberDuky,imrubberduckyy,Temperate Island,Lordeaux,0.3,?
hungerbears,hungerbears,Temperate Island,Lordeaux,0.3,?
cynda_da,orangejuice049,Temperate Island,Lordeaux,0.3,?
CreekStyle,creekstyle,Temperate Island,Lordeaux,0.3,?
noxeus_mc,noxeusmc,Temperate Island,Lordeaux,0.3,?
truestardom,truestardom,Cold Island,Lordeaux,0.3,?
Zekor05,zekor0555,Temperate Island,Lordeaux,0.4,?
jefforygamergirl,jefforygamergirl,Temperate Island,Lordeaux,0.4,?
corruptedneko,corrupted.neko,Temperate Island,Lordeaux,0.4,?
Boneware,boneware,Temperate Island,Lordeaux,0.4,?
Whoiskrissie,whoiskrissie,Temperate Island,Lordeaux,0.5,?
skool_danny,skool_danny,Temperate Island,Lordeaux,0.5,?
RYZZIE_1337,ryzzie,Temperate Island,Lordeaux,0.5,?
RealMrOil,stillsalmon,Temperate Island,Lordeaux,0.5,?
Racechamp,racechamp,Temperate Island,Lordeaux,0.5,?
Ontspot,ontspot,Temperate Island,Lordeaux,0.5,?
ItsEssieBee,sophybee,Temperate Island,Lordeaux,0.5,?
nimbaasa,nimbasa.,Temperate Island,Lordeaux,0.5,?
_ZeeXe_,zeexe.,Temperate Island,Lordeaux,0.5,?
whoT0Tcares,whototcares,Temperate Island,Lordeaux,0.6,?
Ultimatebros499,michaeltheguy72,Temperate Island,Lordeaux,0.6,?
ThisIsCursed,thisiscursed.,Temperate Island,Lordeaux,0.6,?
staarie,sta.rs,Temperate Island,Lordeaux,0.6,?
rorycan,rc2.,Temperate Island,Lordeaux,0.6,?
MorningStarMars,morningstarmars,Temperate Island,Lordeaux,0.6,?
kosvy,kosvycat,Temperate Island,Lordeaux,0.6,?
IronNapper,ironkidnapper,Temperate Island,Lordeaux,0.6,?
Christina_I,christinanowell,Temperate Island,Lordeaux,0.6,?
chickenking62,chickenking62,Temperate Island,Lordeaux,0.6,?
Acel5,acel_5,Temperate Island,Lordeaux,0.6,?
_Kestrell_,_kestrell_,Temperate Island,Lordeaux,0.6,?
hallowi,hallowo,Cold Island,Lordeaux,0.6,?
Croc9246,mechacat3205,Cold Island,Lordeaux,0.6,?
trybee,trybee,Temperate Island,Lordeaux,0.7,?
Spural,tru_spiral,Temperate Island,Lordeaux,0.7,?
Skeeeees,skeeeees,Temperate Island,Lordeaux,0.7,?
Shxnji,shxnji,Temperate Island,Lordeaux,0.7,?
notmastic,trulymastic,Temperate Island,Lordeaux,0.7,?
Kaeiis,kaeiis,Temperate Island,Lordeaux,0.7,?
Indo_Comrade,khmer_mapping,Temperate Island,Lordeaux,0.7,?
HexAutherity,hexauthori,Temperate Island,Lordeaux,0.7,?
GreatConstantine,lol12gx,Temperate Island,Lordeaux,0.7,?
gangstaant,gangstaant,Temperate Island,Lordeaux,0.7,?
Applepiecomb,applepiecomb,Unknown,Lordeaux,0.8,?
mercade,mercade77,Temperate Island,Lordeaux,0.8,?
ishfan13c,biggie999,Temperate Island,Lordeaux,0.8,?
DogwoodWaffles1,.wafflemama,Temperate Island,Lordeaux,0.8,?
beefyboulevard,elfe,Temperate Island,Lordeaux,0.8,?
Aprilsthings,aprilsthings,Temperate Island,Lordeaux,0.8,?
Basilified,basilified,Temperate Island,Lordeaux,0.8,?
Naheul_,_naheul,Temperate Island,Lordeaux,0.8,?
Samuelle1411,xsamuelle,Temperate Island,Lordeaux,0.8,?
OriiCat,oriiiiiiiii,Temperate Island,Lordeaux,0.9,?
MyDuckIsOnQuack,myducksonquack,Temperate Island,Lordeaux,0.9,?
KusaK4be,k4zz__,Temperate Island,Lordeaux,0.9,?
Blaze_Bro,blaze_bro_ben,Temperate Island,Lordeaux,0.9,?
jackinzbox,jackinzbox.,Temperate Island,Lordeaux,1,?
Grm101,malloyesq,Temperate Island,Lordeaux,1,?
EternityHasDrip,eternitylh74,Temperate Island,Lordeaux,1,?
_Syanide,syanide1,Temperate Island,Lordeaux,1,?
Bootsn,bootncat07,Temperate Island,Lordeaux,1,?
jnlie,jnlieciveventacc,Temperate Island,Lordeaux,1,?
Shotpunz,shotpunz,Temperate Island,Lordeaux,1.1,?
PROCRASTINATlON,justrelax__,Temperate Island,Lordeaux,1.1,?
Labno,benlabno,Temperate Island,Lordeaux,1.1,?
GeoPupae,geo2,Temperate Island,Lordeaux,1.1,?
Dugnaldo,dugnaldo,Temperate Island,Lordeaux,1.1,?
AwesomeJett44,awesomejett44,Temperate Island,Lordeaux,1.2,?
Aldefyr,aldefyr,Temperate Island,Lordeaux,1.2,?
CptSquidy,squidy1812,Temperate Island,Lordeaux,1.2,?
Wedogaming,boatenthusiast,Temperate Island,Lordeaux,1.3,?
NolanZz_,nolanhappy,Temperate Island,Lordeaux,1.3,?
HereNothing,herenothing.,Temperate Island,Lordeaux,1.3,?
HereNothing,nitchts._.,Temperate Island,Lordeaux,1.3,?
Dbrooky,dbrooky,Temperate Island,Lordeaux,1.3,?
_asters,asters_,Temperate Island,Lordeaux,1.3,?
VertVFX,vertvfx,Temperate Island,Lordeaux,1.4,?
ruitsand,ruitsand,Temperate Island,Lordeaux,1.4,?
Its_Rexi,its_rexi,Temperate Island,Lordeaux,1.4,?
Flarebug,fireflicious,Temperate Island,Lordeaux,1.4,?
vzuy,vzuys,Temperate Island,Lordeaux,1.6,?
Soccer777,soccers,Temperate Island,Lordeaux,1.6,?
Baanab,banana4009,Temperate Island,Lordeaux,1.8,?
okeefer,okeefer,Temperate Island,Lordeaux,1.8,?
Yan_YEgg,yanyegg_51266,Temperate Island,Lordeaux,?,?
Vinnicius,vinnilicious,Temperate Island,Lordeaux,?,?
villain_john,_burtgurt.,Temperate Island,Lordeaux,?,?
vanivanvanilla,yomiurinikei,Temperate Island,Lordeaux,?,?
TheTonyBaloney,disappointed_face,Temperate Island,Lordeaux,?,?
TheGunRat,thegunrat,Temperate Island,Lordeaux,?,?
swyshi,swyshie,Temperate Island,Lordeaux,?,?
Stragedy,stragedy,Temperate Island,Lordeaux,?,?
StillAnEnigma,stillanenigma,Temperate Island,Lordeaux,?,?
Squ1nz,.squinz,Temperate Island,Lordeaux,?,?
sofieontheshelf,sofieontheshelf,Temperate Island,Lordeaux,?,?
Soapyey,soapyey,Temperate Island,Lordeaux,?,?
skupl,imskupl,Temperate Island,Lordeaux,?,?
SitzKrieg0,sitzkrieg,Temperate Island,Lordeaux,?,?
Sams,y.ams,Temperate Island,Lordeaux,?,?
sam5lmk,sam4lmk,Temperate Island,Lordeaux,?,?
S_Gryphon,dwarftaco,Temperate Island,Lordeaux,?,?
Rosual,rosualqeq1,Temperate Island,Lordeaux,?,?
Riverrrr,rovor,Temperate Island,Lordeaux,?,?
RAMUN8,ramun8,Temperate Island,Lordeaux,?,?
pumpkinmikey,lukethephoenix,Temperate Island,Lordeaux,?,?
parrotquack,parrotquack,Temperate Island,Lordeaux,?,?
paleserum,paleserum,Temperate Island,Lordeaux,?,?
NyeBuoi,nyebuoi,Temperate Island,Lordeaux,?,?
NoisyMoon0207,noisymoon,Temperate Island,Lordeaux,?,?
luna_rian,lunarian_ghost,Temperate Island,Lordeaux,?,?
Lianam,lianam_,Temperate Island,Lordeaux,?,?
LazyKatie,cocoliaswife,Temperate Island,Lordeaux,?,?
L3G0_Graph,legionaryceaser,Temperate Island,Lordeaux,?,?
Kyabia162,wisthiulmdar_20786,Temperate Island,Lordeaux,?,?
KingBayne,kingbayne,Temperate Island,Lordeaux,?,?
KhaosKorps,khaoskorps,Temperate Island,Lordeaux,?,?
KapookLynn,kapooklynn,Temperate Island,Lordeaux,?,?
Jonatrok,jonatrok,Temperate Island,Lordeaux,?,?
JennyPrice,jennyprice,Temperate Island,Lordeaux,?,?
Izzy_The_Tiger,izzy_the_tiger,Temperate Island,Lordeaux,?,?
Isopropyl33,byzantine33.,Temperate Island,Lordeaux,?,?
IGZY29,jampot1046,Temperate Island,Lordeaux,?,?
Gallaxee,gallaxee,Temperate Island,Lordeaux,?,?
Elyssen,e.lyssen,Temperate Island,Lordeaux,?,?
EarlRattington,earlrattington,Temperate Island,Lordeaux,?,?
dirediredockz,dirediredockz,Temperate Island,Lordeaux,?,?
Defnd,defnd,Temperate Island,Lordeaux,?,?
DeadWrong77,papapalpatine,Temperate Island,Lordeaux,?,?
DD3182,dumplings6961,Temperate Island,Lordeaux,?,?
DaffodilJunior,daffodiljunior,Temperate Island,Lordeaux,?,?
CubicalWar,cubicalwar,Temperate Island,Lordeaux,?,?
CryptoFury,cryptofury_,Temperate Island,Lordeaux,?,?
CONNORSEUR,connorseurr,Temperate Island,Lordeaux,?,?
CianelleRose,cianellerose,Temperate Island,Lordeaux,?,?
caslooc15,caslooc,Temperate Island,Lordeaux,?,?
Burningxspirits,burningxspirits,Temperate Island,Lordeaux,?,?
britknees,britknees,Temperate Island,Lordeaux,?,?
Bluqnu,blu.exe,Temperate Island,Lordeaux,?,?
bimmer_bum,bimmer_bum,Temperate Island,Lordeaux,?,?
AzureScintillae,azuresparks,Temperate Island,Lordeaux,?,?
Atomysticator,atomysticator,Temperate Island,Lordeaux,?,?
angelosolace,angelosolace,Temperate Island,Lordeaux,?,?
Alzakz,alzakz,Temperate Island,Lordeaux,?,?
AlkalineAlke,.alke.,Temperate Island,Lordeaux,?,?
AgentAlphakill,alphatier,Temperate Island,Lordeaux,?,?
,foolathin,Temperate Island,Lordeaux,?,?
caterpillar_H,caterpillarh,Temperate Island,Lordeaux,?,?
,floweronthecliff,Temperate Island,Lordeaux,?,?
,kronk2158,Temperate Island,Lordeaux,?,?
,reincarnategfield,Temperate Island,Lordeaux,?,?
Darkerfly,darkerfly,Temperate Island,Lordeaux,?,?
FoXx74,foxx74_,Temperate Island,Lordeaux,?,?
moewixon,moewixon,Temperate Island,Lordeaux,?,?
,tackellmc,Temperate Island,Lordeaux,?,?
,thefirstseraph,Temperate Island,Lordeaux,?,?
,theman6759,Temperate Island,Lordeaux,?,?
Vaixelle,vaixelle,Temperate Island,Lordeaux,?,?
Alexalf,_alexalf_,Temperate Island,Lordeaux,?,?
,1_noah_23,Temperate Island,Lordeaux,?,?
Aesqule,aesqule,Temperate Island,Lordeaux,?,?
AmazingPeter6,amazingpeter6,Temperate Island,Lordeaux,?,?
,cata157,Temperate Island,Lordeaux,?,?
cawffeine,cawffeine,Temperate Island,Lordeaux,?,?
,city949,Temperate Island,Lordeaux,?,?
,coffeewithflxwerss,Temperate Island,Lordeaux,?,?
,destordie,Temperate Island,Lordeaux,?,?
Draedon0734,draedon0734,Temperate Island,Lordeaux,?,?
idunnoyoutellme,dunnoyoutellme,Temperate Island,Lordeaux,?,?
ElectricHD,electrichd_,Temperate Island,Lordeaux,?,?
,endorcrack979,Temperate Island,Lordeaux,?,?
,eugenius53,Temperate Island,Lordeaux,?,?
Fir3blaster_,fireblaster2778,Temperate Island,Lordeaux,?,?
Garrmactad720,garrmactad,Temperate Island,Lordeaux,?,?
PuppyMC,i_puppy,Temperate Island,Lordeaux,?,?
KyronTRK,kyrontrk,Temperate Island,Lordeaux,?,?
,martypotty,Temperate Island,Lordeaux,?,?
Mastran232,mastran232,Temperate Island,Lordeaux,?,?
McBiomer,mcbiomer,Temperate Island,Lordeaux,?,?
,miz_25,Temperate Island,Lordeaux,?,?
Myacinth_,myacinth,Temperate Island,Lordeaux,?,?
,mystyrious_,Temperate Island,Lordeaux,?,?
Nash_Nougat,nashnougat,Temperate Island,Lordeaux,?,?
ParrotovPopugaev,papugaev2,Temperate Island,Lordeaux,?,?
,petergryffindor23,Temperate Island,Lordeaux,?,?
,qiaokeliqiaokeli.,Temperate Island,Lordeaux,?,?
,rar.gov,Temperate Island,Lordeaux,?,?
,roadkillrat,Temperate Island,Lordeaux,?,?
Saausce,saausce,Temperate Island,Lordeaux,?,?
Salamitrials,salamitrials,Temperate Island,Lordeaux,?,?
,sunfers,Temperate Island,Lordeaux,?,?
_sylva,syylva,Temperate Island,Lordeaux,?,?
Termosifone06,termosifone06,Temperate Island,Lordeaux,?,?
,theonlygamergod,Temperate Island,Lordeaux,?,?
,twwwwwwwwwwwwwwwwwwwwwwwwwwwwwww,Temperate Island,Lordeaux,?,?
Unavi3G,unavi3g,Temperate Island,Lordeaux,?,?
,valneela,Temperate Island,Lordeaux,?,?
vanillani,vvanillani,Temperate Island,Lordeaux,?,?
,yodo50,Temperate Island,Lordeaux,?,?
,zyephy,Temperate Island,Lordeaux,?,?
,rynnibee_,Temperate Island,Lordeaux,?,?
,zhiyunx,Temperate Island,Lordeaux,?,?
,_moeqi,Temperate Island,Lordeaux,?,?
,amurrzy,Temperate Island,Lordeaux,?,?
,darkecho53,Temperate Island,Lordeaux,?,?
SwampLily_,swamp_lily,Temperate Island,Lordeaux,?,?
AviationGamerX,aviationgamerx,Temperate Island,Lordeaux,?,?
birbinvestor,birbinvestigator,Cold Island,Lordeaux,?,?
,reiiiification,Cold Island,Lordeaux,?,?
Kar0lex,karolex_official,Cold Island,Konigsberg,0.6,?
corditen,corditen_,Cold Island,Konigsberg,0.6,?
SgSpark,sgspark,Cold Island,Konigsberg,0.7,?
ckxn,nsssoi,Cold Island,Konigsberg,0.9,?
essqresso,essqresso,Temperate Island,Konigsberg,?,?
zincilly,zzincllyy,Cold Island,Konigsberg,?,?
Xolotel,xolotelx,Cold Island,Konigsberg,?,?
whimsysoup,soup1280,Cold Island,Konigsberg,?,?
Weedyoz,.weedy.,Cold Island,Konigsberg,?,?
Spellcrafter54,spell54,Cold Island,Konigsberg,?,?
Serp3rior,blitzfox444,Cold Island,Konigsberg,?,?
rinthecker,rinthehecker,Cold Island,Konigsberg,?,?
MauveSkydiver32,mauveskydiver32,Cold Island,Konigsberg,?,?
Lemonlimeszs,lemonlimeszs,Cold Island,Konigsberg,?,?
Ferncrack,ferncrack,Cold Island,Konigsberg,?,?
BasicallySeth,basicallyseth,Cold Island,Konigsberg,?,?
,depeppers,Cold Island,Konigsberg,?,?
bogdanyell,bogdanyell,Cold Island,Konigsberg,?,?
Pijn1,pijn_1,Cold Island,Konigsberg,?,?
pr1ngl,pringlel,Cold Island,Konigsberg,?,?
,theskibum.,Cold Island,Konigsberg,?,?
,z3nvu,Cold Island,Konigsberg,?,?
,_bwyx.,Cold Island,Konigsberg,?,?
elad_sni_god,elad_of_the_e,Cold Island,Konigsberg,?,?
enzibina,enzibina,Cold Island,Konigsberg,?,?
,jadwiga85,Cold Island,Konigsberg,?,?
longnap,longnap,Cold Island,Konigsberg,?,?
Madam_Nightbot,madam_nightbot_4696,Cold Island,Konigsberg,?,?
,makz123.,Cold Island,Konigsberg,?,?
ThzIsDestiny,thzisdestiny,Cold Island,Konigsberg,?,?
Toasty_tai,toast7366,Cold Island,Konigsberg,?,?
,yeetmytoast,Cold Island,Konigsberg,?,?
maniacsmaniac,maniacsmaniac,Cold Island,Konigsberg,?,?
,nozzz_,Cold Island,Konigsberg,?,?
Mudklip,mudklip,Cold Island,Caldera,0.3,?
gamerfolk,gamerfolk,Cold Island,Caldera,0.5,?
CubicLlama,cubicllama2100,Cold Island,Caldera,0.6,?
Thunderunderline,thunderunderline,Cold Island,Caldera,0.8,?
Who64,who64,Cold Island,Caldera,1.4,?
lucades,lu.cady,Temperate Island,Caldera,?,?
WoomyNation,woomynation,Cold Island,Caldera,?,?
TheNerdyGeek17,thenerdygeek,Cold Island,Caldera,?,?
p1uton,plutons14,Cold Island,Caldera,?,?
ottletv,.ottle,Cold Island,Caldera,?,?
ItsThe_J,the_uhh_j,Cold Island,Caldera,?,?
DOFO_64,thedofo64,Cold Island,Caldera,?,?
cmeo,.cmeo,Cold Island,Caldera,?,?
BackIn2_Orbit,backinto_orbit,Cold Island,Caldera,?,?
xLunip,lunip,Cold Island,Caldera,?,?
,marycom15,Cold Island,Caldera,?,?
Inaudibley,inaudibley,Cold Island,Caldera,?,?
Niagiri,niagiri,Cold Island,Caldera,?,?
saiNaii,ky0sumi,Temperate Island,,0.1,?
Blessgab,insatiablebloodlust,Temperate Island,,0.3,?
arikitarina,arikitarina,Temperate Island,,0.5,?
Watkins_,watkins___,Temperate Island,,0.5,?
SaltedSalt,dongkiz,Cold Island,,0.5,?
Ramseyer,ramseyer,Cold Island,,0.5,?
LegoBatmanLover,legobatmanloverlegobatman,Temperate Island,,0.6,?
k1dagreat1,k1dagreat1,Temperate Island,,0.6,?
Xyphrrrr,xyphrrrr,Cold Island,,0.6,?
NinZAI,ninzai_,Cold Island,,0.6,?
spccky,spcckyy,Temperate Island,,0.7,?
Noviell,lovelynovember,Temperate Island,,0.7,?
FrumSpac3,frumspace,Temperate Island,,0.7,?
LiquidWren,liquidwren,Temperate Island,,0.8,?
Korulein,korulein,Cold Island,,0.8,?
canela11,canela11,Cold Island,,0.8,?
WellWellItsRell,witty_shenanigans,Temperate Island,,0.9,?
Devidur,devidur,Temperate Island,,1.2,?
Snomified,snomified,Cold Island,,1.2,?
alexsansxd,alexsanz3499,Cold Island,,1.2,?
,sociallyineptt,Unknown,,?,?
VirentTarot,virent_tarot,Temperate Island,,?,?
trioven,trioven,Temperate Island,,?,?
THEULTIMATEF1SH,kisstheredgaze,Temperate Island,,?,?
tanukiifox,tanukiifox,Temperate Island,,?,?
tamagacci,tamagacci.,Temperate Island,,?,?
suriblues,suriblues,Temperate Island,,?,?
Sup3rvisorJanu5,supervisorjanus,Temperate Island,,?,?
someoddmf,someoddmf,Temperate Island,,?,?
rebelpongo,rebelpongo,Temperate Island,,?,?
Racilyn,cosmicnihilism,Temperate Island,,?,?
QueenEllaBean,queen_derp,Temperate Island,,?,?
qbbiie,kermitt__,Temperate Island,,?,?
Pumpkinpaii6183,pumpkinpaii,Temperate Island,,?,?
Planet67,the.daily.planet,Temperate Island,,?,?
PanoramaCake,panoramiccake,Temperate Island,,?,?
NecraCrane,necra_crane,Temperate Island,,?,?
Misu2QT,misu2cute,Temperate Island,,?,?
microspr,microspr,Temperate Island,,?,?
Lino_Yojimbo,king_lino,Temperate Island,,?,?
Larbloo,larbloo,Temperate Island,,?,?
h4ppyl0ser,h4ppyl0ser,Temperate Island,,?,?
Envyzzn,erinzen,Temperate Island,,?,?
dustillery_,dustillery_,Temperate Island,,?,?
crazylinx68,crazylinx68,Temperate Island,,?,?
burgersundae,jdronica,Temperate Island,,?,?
Bluixon,bluixon,Temperate Island,,?,?
astracrafts,astracrafts,Temperate Island,,?,?
_cyaan,_cyaan,Temperate Island,,?,?
,choppingarlic,Temperate Island,,?,?
Auraa,aura.10,Temperate Island,,?,?
,batemans,Temperate Island,,?,?
BlueLily_,.bluelily_,Temperate Island,,?,?
,.coolioguy,Temperate Island,,?,?
,.maxf,Temperate Island,,?,?
,9iiine,Temperate Island,,?,?
,agyuupon,Temperate Island,,?,?
AliWanted,aliwanted,Temperate Island,,?,?
,ascogon,Temperate Island,,?,?
,boowhoitsme,Temperate Island,,?,?
,bratvauh,Temperate Island,,?,?
,circulations,Temperate Island,,?,?
CorvusCantat,corvuscantat.,Temperate Island,,?,?
,dabigcheif6676,Temperate Island,,?,?
,dadswetmedicine,Temperate Island,,?,?
,dastarr,Temperate Island,,?,?
,deadbob1111_94298,Temperate Island,,?,?
,debunktrio,Temperate Island,,?,?
dewydroop,dewydroop,Temperate Island,,?,?
Dusk___,dvsk.,Temperate Island,,?,?
,eliteeric,Temperate Island,,?,?
,eveeeeeeeeeeeeeee,Temperate Island,,?,?
,flarieon,Temperate Island,,?,?
,fr3shm1llan,Temperate Island,,?,?
,frickitweball.,Temperate Island,,?,?
,gameing_,Temperate Island,,?,?
,ginger_bonn,Temperate Island,,?,?
,gotignored,Temperate Island,,?,?
Huase,huase,Temperate Island,,?,?
,iicey_79934,Temperate Island,,?,?
,imlovingyou,Temperate Island,,?,?
,itzbunnytime,Temperate Island,,?,?
,jamesnl,Temperate Island,,?,?
AnotherSam17,justanothersam,Temperate Island,,?,?
KB_KB_,kbkbee,Temperate Island,,?,?
,kittyissmart,Temperate Island,,?,?
LemonGamz,lemongamz,Temperate Island,,?,?
,lreyesyes,Temperate Island,,?,?
luckychupy,luckychupy,Temperate Island,,?,?
,mistykoa,Temperate Island,,?,?
,nepily,Temperate Island,,?,?
,nevmind_alt,Temperate Island,,?,?
Night_bearbbear,nightbearbear,Temperate Island,,?,?
,o0lilith0o,Temperate Island,,?,?
,obsessed_lizzy,Temperate Island,,?,?
photosyy,photosyy,Temperate Island,,?,?
,pusta,Temperate Island,,?,?
,raupenpfote,Temperate Island,,?,?
,ruzethered,Temperate Island,,?,?
Sacatrost,sacatrost,Temperate Island,,?,?
sayhel10,sayhell0,Temperate Island,,?,?
,shroom_milk,Temperate Island,,?,?
Sinsune,sinsune,Temperate Island,,?,?
,slime8085,Temperate Island,,?,?
,soyok4ze,Temperate Island,,?,?
,sqw1dy_,Temperate Island,,?,?
,sselvy,Temperate Island,,?,?
,synthiastorm,Temperate Island,,?,?
Tobfoolery,tobfoolery,Temperate Island,,?,?
,turnippencil,Temperate Island,,?,?
,ungren,Temperate Island,,?,?
,valkyrie_122,Temperate Island,,?,?
,vias.luvv,Temperate Island,,?,?
,zeddled,Temperate Island,,?,?
,zombieman222,Temperate Island,,?,?
Vyliaa,.vylia.,Temperate Island,,?,?
,kiptzy,Temperate Island,,?,?
LoveLucien,lovelucien,Temperate Island,,?,?
,sophaloaf654_27974,Temperate Island,,?,?
Veilocityy_,veilocityy_,Temperate Island,,?,?
,xsiverino,Temperate Island,,?,?
,dagraydaddy,Temperate Island,,?,?
ImpactFramework,impactframework,Temperate Island,,?,?
,amarok_1145,Temperate Island,,?,?
Cinesaur,cinesaur,Temperate Island,,?,?
,horacethehungryhippo,Temperate Island,,?,?
,iusepepsi,Temperate Island,,?,?
,jbrickofficial,Temperate Island,,?,?
,originalmariobrother,Temperate Island,,?,?
,amorphous_v01d,Temperate Island,,?,?
__Lowell__,__lowell__,Temperate Island,,?,?
,fungalinfection0089,Temperate Island,,?,?
koyuuy,koyuuy,Temperate Island,,?,?
,bluescreen0fdeath,Temperate Island,,?,?
keppo,kepbab,Temperate Island,,?,?
,undipin_04879,Temperate Island,,?,?
YuelingMoon,yueling_moon,Cold Island,,?,?
Victor_Prusskiy,victorprusskiy,Cold Island,,?,?
velvux,velvux,Cold Island,,?,?
thewizardUSA,thewizardusa,Cold Island,,?,?
sneeeper,sneeeper,Cold Island,,?,?
RoyalPear_,pearofroyalty,Cold Island,,?,?
Rayne_Song,raynsongit,Cold Island,,?,?
ponkitz,ponkitz,Cold Island,,?,?
Nuyu,crying_cry,Cold Island,,?,?
notafishirl,notafishirl,Cold Island,,?,?
melsuto,melsuto,Cold Island,,?,?
mangopuns,mangopuns,Cold Island,,?,?
krackacka,krackacka,Cold Island,,?,?
kaeriso,kaeriso,Cold Island,,?,?
EllieVonOrdelia,iamkiri,Cold Island,,?,?
DanTheHTGMan,danthehtgman,Cold Island,,?,?
daikoryu,daikoryu,Cold Island,,?,?
crystalruby334,crystalruby334,Cold Island,,?,?
cloudsh4rd,cloudsh4rd,Cold Island,,?,?
Certainlyraven,whyisgamora,Cold Island,,?,?
brighterlightz,brightliights,Cold Island,,?,?
BeauJangels,beaujangls,Cold Island,,?,?
,shmeepicus,Cold Island,,?,?
anillenia,anillenia,Cold Island,,?,?
Captain_Q1,captainfionn,Cold Island,,?,?
iZombby,izombby,Cold Island,,?,?
,_jippie_,Cold Island,,?,?
,.applo.,Cold Island,,?,?
,0archived,Cold Island,,?,?
5thRadiata,5thradiata,Cold Island,,?,?
Algaeplant1ng,algaeplanting,Cold Island,,?,?
,apsidecargoo,Cold Island,,?,?
ASargeJr30,asargejr30,Cold Island,,?,?
Azanerth,azanerth,Cold Island,,?,?
,big_and_dopey,Cold Island,,?,?
,bosegotherr,Cold Island,,?,?
,camire22,Cold Island,,?,?
Carmeops,carmeops,Cold Island,,?,?
Cheeky_Penguu,cheeky_penguu,Cold Island,,?,?
,cmgr.7,Cold Island,,?,?
,dead.gun,Cold Island,,?,?
,duckman1781,Cold Island,,?,?
,elysiasdream,Cold Island,,?,?
,glorpglingo,Cold Island,,?,?
Hasha22,hasha_,Cold Island,,?,?
,ipreferfanta,Cold Island,,?,?
,iryseris,Cold Island,,?,?
,jsunny0000,Cold Island,,?,?
,kinlula,Cold Island,,?,?
,kirahyi,Cold Island,,?,?
Kohiiai,kohiiaip,Cold Island,,?,?
Kuroorororo,kuroorororo,Cold Island,,?,?
,kyunzaku,Cold Island,,?,?
libra_adiantum,libra_adiantum,Cold Island,,?,?
,lockjawlarry,Cold Island,,?,?
,loloorangefox,Cold Island,,?,?
m0thballz_,m0thballz_,Cold Island,,?,?
,may.be.jay,Cold Island,,?,?
Nefernix,nefernix,Cold Island,,?,?
Outage0,outage0,Cold Island,,?,?
,palynx,Cold Island,,?,?
Pers0nifyy,personify5,Cold Island,,?,?
phippa,phippa,Cold Island,,?,?
Quailver,quailver,Cold Island,,?,?
,quantum_idiot,Cold Island,,?,?
TertiaryError,quaternaryerror,Cold Island,,?,?
,rat_ncheese,Cold Island,,?,?
RDZmc,rdzwasamistake,Cold Island,,?,?
screchie,screchie,Cold Island,,?,?
,seetloveletter,Cold Island,,?,?
,shadoww___,Cold Island,,?,?
,teika,Cold Island,,?,?
,thebonicplaguedoctor,Cold Island,,?,?
,thecavejelly,Cold Island,,?,?
Just_Gudz,thegloriousgudz,Cold Island,,?,?
Tim0CEE,tim0cee,Cold Island,,?,?
Tisabri,tisabri,Cold Island,,?,?
ToastedTM,toastedtm,Cold Island,,?,?
TophatManns,tophatartist,Cold Island,,?,?
Toxendo_,toxendo.,Cold Island,,?,?
,ventishat,Cold Island,,?,?
,zavi0z,Cold Island,,?,?
ZombieeeZ,zombieeez,Cold Island,,?,?
ratconsumer_,ratconsumer___,Cold Island,,?,?
doowopthe,doowopthe,Cold Island,,?,?
,a.reflection,Cold Island,,?,?
CheezitWizard,cheezit_wizard,Cold Island,,?,?
Aulo0,.aulo,Cold Island,,?,?
A_Carrot77,a_carrot77,Cold Island,,?,?
AkieraStraberri3,akiera_straberri3,Cold Island,,?,?
Arta_Balata,artabalata,Cold Island,,?,?
Dollsmyname,dollsmyname,Cold Island,,?,?
FrogElixir,frog.elixir,Cold Island,,?,?
,inflinity,Cold Island,,?,?
Izylunix,izylunix,Cold Island,,?,?
krixaliss,krixaliss_,Cold Island,,?,?
ollivxerz,olivxer,Cold Island,,?,?
r4inncandy,r4inncandy,Cold Island,,?,?
S0soyy,sosoyy.png,Cold Island,,?,?
choclatebats,choclateeatsfish,Cold Island,,?,?
heair0,heair0,Cold Island,,?,?
,pablo.09_,Cold Island,,?,?
Pomodowl,pomodowl,Cold Island,,?,?
valnuya,valnuya,Cold Island,,?,?
,mathewthe1st,Cold Island,,?,?
T4ryn27,taryn.__,Cold Island,,?,?
Clone_txt,clone_txt,Cold Island,,0.8,?
SamKnightVA,samknightva,Temperate Island,,?,?
JauntyOne,jauntyone,Temperate Island,,?,?
,joanne_kamawanaide,Temperate Island,,?,?
Mr_Rempel,mr.rempel,Cold Island,,?,?
,devithemoon,Cold Island,,?,?
Clone_txt,clone_txt,Cold Island,,0.8,